HANDLE,LABEL,REASON
_AliAltintas_,false,"bioinformatician - no mention of qualitative trials"
_aliciameyer,false,"books curator - doesn't seem researcher"
_allisonmorehea,false,"medical humanities scholar - no mention of research methods with humans"
_arbit,false,"data scientist - not a qualitative researcher"
_arvind,false,"ux and account seems dormant"
0xalevator,null,"researcher at Yale but methods unclear from bio"
0xAnonTank,false,"ux in web3"
0xArsya,false,"content creator in web3"
0xBackEndDev,false,"only shows nft interest"
0xBalloonLover,false,"venture anthropologist in corporate context"
0xBlackfish,false,"data scientist in web3"
0xcaas,null,"public health - bio shows potential but no mention of methods"
0xCircusLover,false,"startup anthropologist in corporate context"
0xdarkie,false,"data scientist and advisor trader"
0xFrankBaum,false,"data scientist in web3"
0xFreeLunch,false,"tech entrepreneur"
0xhaisenberg,false,"data scientist in web3"
0xMVU,false,"data scientists and materials research engineer"
0xsloane,false,"investor and product data scientist - not qualitative researcher"
0xSokol,false,"market analyst in crypto"
0xVanley,false,"web3 researcher"
13thcatsmeow,null,"sociology MA - postcolonial studies - bio promising but no clear signal of methods"
1776Authority,false,"emeritus law professor - legal scholarship - not qualitative research"
1800Oncologist,false,"medical professional - service account - not individual researcher"
18ScienceCaucus,false,"organization account"
1MaxVayne,false,"self published author"
1minute40media,false,"video production agency account"
1MinXtremeComm,false,"gaming league account"
1strichestwoman,false,"ux researcher in business/network context"
2_benfield,false,"emeritus virologist - lab/veterinary science"
20b_sai,false,"builder/startup focus - no strong research indicators"
21st_Psychiatry,null,"psychiatrist but unclear if qualitative research - language barrier obfuscates"
2HighCoverage,false,"data scientist - no qualitative methods mention"
305Rafi,false,"filmmaker assistant professor - media studies"
314UXHolly,false,"ux research - writer"
324_B21,null,"bioethicist - may conduct qualitative research but unclear"
3DiMMUNE,false,"biotech immunologist and entrepreneur"
3DRimmaMZ,true,"clinical research - patient safety - some signals of qualitative methods"
3rdWavePsych,null,"clinical psychologist - unclear if does academic qualitative research"
3rdyeartutor,false,"healthcare lecturer - content for radiographers"
4ChemEvolution,false,"organization account - chemical evolution"
4chProject,false,"project account"
4lexzee,false,"product/ux designer"
50MajorEconmsts,false,"book/content account"
510nm,false,"scientist but unsuficcient context"
666SpookyScary,false,"fan account"
79ka2011,null,"endocrinologist - clinical researcher - unclear if qualitative methods"
7inSatanic,false,"parody account"
8Joan_O,false,"fundraising research"
903124S,false,"data scientist"
9LdROhjZE56jSh9,false,"ai/computation researcher"
a_blasimme,null,"unclear if conducts qualitative research"
a_konstorum,false,"applied mathematician - data scientist"
A_Man_of_Dust,true,"phd candidate in communication - likely qualitative research"
a_nunyola,true,"sociologist - gender studies - qualitative signals"
a9dph,false,"haematologist/immunologist - biomedical not qualitative"
AAALHG_Studies,false,"academic department account"
AAD_Edmonton,false,"school program account - sports"
aahci,false,"organization account - health center"
aaishadadipatel,false,"journalist/lecturer"
AAkbarKW,false,"data scientist"
Aalvisto,null,"phd researcher - some vague signals of qualitative"
aambastaman,false,"writer/traveler"
aananth95,false,"literary translator and publisher"
AAPhysiatrists,false,"organization account of psychiatry"
AAPsychiatry,false,"organization account - medical school"
AaronAvera,false,"school administrator - doctoral candidate - no qualitative signals"
AaronKheriatyMD,null,"physician/scholar without explicit methods mention"
aaronnak,false,"healthcare marketing"
AaronOttinger,false,"interested in literature and mathematics"
AasimirSeraph,true,"doctoral candidate researching sex education in specific population"
AAT_transcribes,false,"business accont - transcription services"
aatilow,false,"product researcher - product manager - entrepreneur"
Aayush_golu,false,"data scientist - entrepreneur"
AbalkinaAnna,null,"research integrity/misconduct investigator - may use some qualitative methods"
Abbie2020,false,"ux researcher"
abchapli_IUP,null,"acquisitions editor - gender/sexuality/refugee studies but no mention of qualitative methods"
abcsoka,false,"anatomy profesor - ceo/entrepreneur"
AbdalRameen,false,"computer scientist at corporate context"
abdullahanjari,null,"phd researcher - palestine studies - no clear mention of qualitative work"
AbdulMoiz_,false,"digital media student/professional"
AbdulnuurSheikh,false,"government official/administrator"
abdwj48,false,"professor emeritus with vague bio"
AbelliaAWardani,true,"phd student conducting ethnography on cultural diversity"
abergthaler,false,"virologist/immunologist - quantitative/wet lab"
abhinavas30,true,"doctoral candidate in sociology using ethnographic methods"
Abhisaxena3690,false,"doctoral candidate in intellectual/strategic history"
AbhiSuryawanshi,false,"data scientist - communication marketing"
AbiDeivo,true,"public health researcher - conducting research on environment and health - likely qualitative methods"
AbiSivaMD,false,"breast oncologist - clinical researcher"
abitcoinrealist,false,"bitcoin trader and photographer"
abp_carlson,false,"religious leader - no research affiliation"
AbraarKaran,null,"infectious disease doctor/epidemiologist at Standford - unclear methods"
abritez,false,"designer/developer at Microsoft - education"
Absekgobela,false,"doctoral candidate - no signal of qualitative methods"
abubakarlecture,false,"ceo of consultancy/multimedia company"
ACAAMorg,false,"institution account - academic addiction medicine"
Academic_abet,false,"academic writer - education services"
academic_geek,false,"essay writing services"
academic_la,false,"podcast host"
Academic_MedEdu,false,"educational platform/organization"
Academic_owl,false,"GP and BMA council chair - clinical role without research"
academic_ronin,false,"vague bio"
academic_slide,false,"medical student tutorial account"
academic_woman,false,"networking organization for women in academia"
AcademicAAAs,false,"coursework/homework assistance service"
AcademicApprch,false,"organization focused on test prep"
AcademicAstro,false,"astrology enthusiast"
AcademicAyesha,true,"gender-based violence - trauma therapy research - highly likely uses qualitative methods"
academiccme,false,"cme company - medical education"
AcademicDataSci,false,"education community - data science"
AcademicDiary,null,"sociology teacher at university - unclear if qualitative research"
AcademicDilemma,false,"academic coaching/mentoring service"
AcademicEmerMed,false,"journal/organization account"
AcademicFemale,false,"female doctor - no longer in academia"
AcademicFoxhole,false,"entertainer - musician"
AcademicGamer,false,"ai/ml focus with phd"
academicimpress,false,"higher education training organization"
AcademicInn,false,"educational organization"
academickeys,false,"job board and recruitment service, not individual researcher"
AcademicMinute,false,"radio program/media organization, not individual researcher"
AcademicParents,false,"advocacy/support organization, not individual researcher"
AcademicproWri1,false,"essay mill/ghostwriting service, not academic researcher"
AcademicRenewal,false,"think tank/policy organization, not individual researcher"
AcademicRevolt,false,"vague activism account, no research affiliation evident"
AcademicRugby,false,"school institutional account, not individual researcher"
AcademicSport,false,"educational institution program, not individual researcher"
AcademicToolkit,false,"unclear if conducting research or just ofering advice services"
AcademicTravel,false,"travel/tourism company, not research organization"
academicvenues,false,"conference venue service provider, not researcher"
AcadiaFaculty,false,"union/faculty association, not individual researcher"
AcadPubNews,false,"news/media organization about publishing, not individual researcher"
AcadSkillsMelb,false,"university writing support service, not individual researcher"
acadswithmair,false,"ghostwriting/academic paper mill service, not legitimate researcher"
acagamic,null,"tenured professor sharing research takes but no specific qualitative research indicators"
acaprecariat,false,"labor advocacy/union organization, not individual researcher"
ACASecretariat,false,"research organization/think tank, not individual researcher"
ACEAPAmbassador,false,"astronomy education program, not individual qualitative researcher"
AcebaldAnne,true,"physician-public health researcher studying health of justice-involved persons; qualitative focus on populations"
ACeHP1,false,"health policy think tank, not individual researcher"
ACEJointHealth,false,"science communication/health info service, not primary research organization"
acflewis,null,"bioethicist at harvard but focus on ethical/legal/social issues may be theoretical rather than empirical"
ACHE_EDU,false,"government education agency, not individual researcher"
achillebro,false,"cnrs immunologist researcher; focus is quantitative biomedical science, not qualitative human-subjects research"
acitygh,false,"university institution, not individual researcher"
ACKeshishian,null,"clinical psychology doctoral candidate; could conduct qualitative research but no specific indicators in bio"
acloudofsaints,false,"monk/religious figure, no research affiliation mentioned"
ACOREdu,false,"online radiology education program/organization, not qualitative researcher"
Acosta_Kike_,null,"demographer/sociologist studying mortality trends; may use qualitative methods but primarily quantitative field"
acrossxcultures,null,"lecturer in women's and gender studies at mit; queer + trans worlds research suggests qualitative, human-centered inquiry"
ACSAcurriculum,false,"organization account (acsa - association), not an individual"
AcylAcyl,false,"policy/geopolitics focus; former minister; no clear qualitative research methods or human-subjects work"
ad1600,null,"clinical researcher in immunotherapy; mixed signals (history/literature suggest qualitative interest, but primary focus unclear)"
ADAHPI,false,"organization account (ada health policy institute), not an individual"
adair_aaron,false,"physics education + data scientist + history/biblical scholar; quantitative and theoretical focus, not qualitative human-subjects"
adambiggs236,null,"sts scholar focused on racial justice and history of medicine; suggests qualitative, humanistic inquiry methods"
adamcarron123,null,"edtech doctoral candidate; teaching/research focus unclear if qualitative human-subjects or quantitative/tech-focused"
adamjkucharski,false,"epidemiologist/mathematician; quantitative methods primary focus"
adammackintosh,false,"songwriter/music teacher; no research affiliation or academic connection"
AdamPloszaj,false,"science policy and regional development focus; not qualitative human-subjects researcher"
adamramey,false,"political scientist/data scientist; quantitative methods emphasis, no qualitative research signals"
AdamTheRandian,false,"personal trainer; no academic or research affiliation"
AdamThierer,false,"policy analyst; not conducting qualitative human-subjects research"
adamwebthree,false,"doctoral candidate in generative ai; computational/tech focus, not qualitative research"
adanianscience,null,"ichthyologist and education researcher; biological focus with urms in stem; qualitative potential but unclear if primary methods"
ADarmouni,false,"ai engineer/data scientist; quantitative/computational focus"
AddPsychPodcast,false,"organization/podcast account, not an individual researcher"
ADELEYEKING,false,"data scientist/activist; no academic affiliation or clear research methods"
adenacb,true,"public health researcher; feminist, intersectional framing suggests qualitative population-focused work"
Adesusi_Ayoola,false,"crypto/fintech researcher; no academic or qualitative human-subjects research signals"
adetosage,false,"political economist/data scientist; no qualitative research or academic affiliation clear"
adfig,null,"higher education strategy/it consultant; research focus unclear if empirical qualitative or advisory"
AdHasse,false,"developer/data scientist/trader; no academic or research affiliation"
ADHDPedsPsych,false,"pediatric psychologist; clinical role, no indication of human-subjects research conduct"
adiahafraz,true,"edd doctoral student; narrative inquiry methodology explicitly stated; loneliness/online learning research"
Adilaaawan,true,"anthropologist and gender/public health researcher; explicitly identifies as researcher; human-centered fields"
adinashaode,null,"penn gse doctoral candidate; education focus but specific research methods/topics unclear"
ADinmohamed,false,"senior epidemiologist; population-based hemato-oncology research; quantitative epidemiology primary"
adkatrit,false,"data scientist/software engineer; no academic or qualitative research affiliation"
ADMBriggs,null,"public health policy focus; unclear if conducting qualitative human-subjects research vs policy work"
admin_emeritus,false,"administrator/graduate student; no research affiliation or methodology indicated"
AdnanNagrial,false,"clinical oncologist; clinical researcher focus, not qualitative human-subjects research"
adomakoampofo,true,"professor african & gender studies; qualitative-aligned field with likely interview/ethnography work"
adorasv,true,"phd candidate sociology & women/gender/sexuality studies; qualitative methodology field at yale"
AdrianaMorris90,false,"conference organizing company; not individual researcher, organizational account"
adriankasito,false,"statistician/data scientist; quantitative focus, no qualitative human-subjects research"
adriennedwoods,true,"senior education researcher @sri; education research with disability focus suggests qualitative methods"
AdrienneStrong,true,"medical anthropologist; maternal health ethnography explicitly mentioned; qualitative fieldwork"
ADrugResearcher,null,"drug anthropology/history focus; unclear if conducting empirical qualitative research vs theory"
advcardiohealth,false,"organization account; partnership focused on policy, not individual researcher"
ADVENTURE_LCR,false,"business support organization; not individual researcher"
advocatedeejay,true,"postdoc centre for gender and africa studies; likely qualitative human-subjects research"
AdvScientists,false,"non-profit organization account; not individual researcher"
AedesResearcher,false,"vector biology/microscopy technician; biomedical/quantitative focus, not qualitative"
aejmc_ccs,false,"academic division/organizational account; not individual researcher"
aejochim,null,"political scientist/education researcher; insufficient bio detail on methods or populations"
aetiology,false,"infectious disease epidemiologist; quantitative epidemiology focus, not qualitative"
AFAF_freespeech,false,"academic freedom advocacy organization; not individual researcher"
AFAF_QMUL,false,"university branch of advocacy group; organizational account, not individual"
Affect_Finance,false,"committee within professional association; organizational account, not individual"
Afghan_DNA,false,"ethnography/genetics project account; unclear if individual or organizational"
Afghan_Policy,false,"crisis analyst; policy focus without indication of qualitative human-subjects research"
AfHealth_Policy,false,"health policy platform; organizational account, not individual researcher"
Afigdaniel,true,"research professor nieer; early education/families research typically involves qualitative methods"
aflyingpaloma,false,"vague bio; minimal information, unclear research focus or methods"
afozsn,false,"data scientist; quantitative focus, no qualitative research indication"
Africanpolitics,null,"political science professor; insufficient detail on research methods or human-subjects focus"
afshinfarzan,false,"cardiologist/researcher; clinical/biomedical focus, not qualitative human-subjects research"
aft1521,false,"faculty union/organization; not individual researcher"
AFTHigherEd,false,"organization account representing faculty/staff union, not individual researcher"
AgAID_Institute,false,"organization/institute account focused on ai in agriculture, not individual"
agaraad,null,"researcher on state-building and security; qualitative methods unclear, may be policy/theoretical"
AgEconomist,false,"applied economist focused on quantitative economics, not qualitative human-subjects research"
AgedMatters,null,"public health researcher with equity focus; qualitative methods not explicitly stated"
AGHuff,false,"self-described author/scientist/ai specialist; no clear qualitative research focus or academic affiliation"
agilis,true,"nurse scientist studying delirium; clinical researcher with expertise in human health outcomes"
AgingBio,false,"bioinformatician/geneticist focused on quantitative biology, not qualitative human-subjects research"
agingdoc1,false,"longevity medicine clinician; no qualitative research methods or human-subjects study focus mentioned"
AgingJrnl,false,"journal account, not individual researcher"
Aglaiet,false,"self-identified 16-year-old, appears to be non-academic informal berry research"
AGORAsocjust,false,"research center/organization account, not individual researcher"
AgostinhoP_2021,null,"caribbean/dance studies scholar; could involve qualitative methods but focus unclear"
Agri_Researcher,false,"agri-environmental economist; quantitative focus, not qualitative human-subjects research"
AGSCareersandHE,false,"secondary school careers office account, not individual researcher"
agstockpicks,false,"market researcher/investor focused on securities, not academic qualitative research"
agunn,false,"vague personal account with no research affiliation or context"
ahajaricase,null,"physician-clinical researcher in ild; likely quantitative clinical focus but unclear"
AHALibCam,false,"university library account, not individual researcher"
AHERI_HigherEdu,false,"research institute organization account, not individual"
AhlamMuhtaseb,true,"media studies professor studying palestinian human rights; likely qualitative scholar-activist"
Ahmed_Makki_ali,null,"medical epidemiologist/phd candidate; quantitative epidemiology focus likely but not explicit"
AhneeMarek,null,"doctoral candidate in history/cultural studies; may involve qualitative work but unclear"
AI_Desorders,false,"psychotherapist/ai researcher; no academic affiliation or qualitative human-subjects research mention"
Ai_Immunologist,false,"computational immunology researcher; quantitative/computational methods, not qualitative"
AIHPolicy,false,"organization/institute account focused on health policy data, not individual researcher"
AIIHPC_ECRF,false,"early career forum/group account, not individual researcher"
Aimee_McAffee,true,"graduate student in media studies studying representations; qualitative communication research"
AimeeGthePHD,null,"i-o psychologist and simulation education researcher; methods unclear, possibly mixed"
aisantos,null,"education researcher on moocs/edtech; qualitative methods possible but not explicitly stated"
aivainvesting,false,"data scientist in defi/finance, not qualitative researcher or human-subjects research"
aivillage_dc,false,"organization account focused on ai security/ml, not individual qualitative researcher"
AIVOInfo,false,"organization account for nsf/usda ai institutes, not individual researcher"
AiyedunTope,null,"educationist/researcher but bio vague on methodology; climate change education unclear if qualitative fieldwork"
AJConstantini,false,"policy analyst and foreign affairs journalist, not academic qualitative researcher"
AJMC_Journal,false,"journal/media organization, not individual researcher"
ajmceachin,true,"education researcher, co-editor of education journal; education is qualitative research field"
ajumathew_,null,"cancer doctor/epidemiologist; clinical/global health role but unclear if conducts qualitative research"
aka_branderson,null,"academic integrity researcher with phd; unclear if qualitative methodology or primary field"
akaash_ARK,false,"research associate in autonomous tech/robotics at investment firm, not human-subjects qualitative research"
AkankshaThawani,false,"structural biology and genome engineering researcher, quantitative molecular focus"
AkdisCezmi,false,"immunologist scientist, basic science focus, no human-subjects qualitative research indicated"
AKellyLane,true,"phd education researcher with explicit field identification; education is qualitative research domain"
AKGreenberg,null,"former public health researcher, ceo of platform company; current role unclear on research status"
AKidNamedARoss,false,"baseball player and media studies graduate, not academic researcher"
AkosNyerges,false,"synthetic genomics and directed evolution researcher, quantitative molecular focus"
Akounfe07,false,"data scientist and forex trader, not qualitative human-subjects researcher"
akritigaur,false,"law student and fellow, not qualitative researcher in human-subjects field"
AkshatAg18,false,"law professor and doctoral candidate, legal scholar not qualitative social researcher"
akshatdoctor,false,"hematologist-oncologist kol, clinical role without qualitative research indication"
aksinghmd,false,"hematologist/oncologist, clinical role without qualitative research indication"
AkuPsychiatry,false,"psychiatry department account, organization not individual researcher"
akwiho,false,"working group on science studies/higher ed research, organization not individual"
Alan_yn_Aber,true,"principal research fellow in ethnography and ai; ethnography is qualitative methodology"
AlanaAve,false,"poet and author, not academic qualitative researcher"
alanatiemessen,null,"political science/security studies associate professor; unclear if conducts qualitative research"
AlanBryce9,false,"medical oncologist and cancer researcher, clinical/quantitative focus"
alannastuart,true,"gender studies phd student; gender studies is qualitative research field"
AlanRSmyth,false,"paediatrician clinical researcher, no indication of qualitative methodology"
AlaskaChevy,null,"alaska native public health physician researcher; health equity focus suggests possible qualitative work but unclear"
albertina_sesay,null,"public health researcher/phd candidate but bio lacks qualitative methodology indicators; epidemiology typically quantitative-primary"
albertoMCFS,null,"higher education policy researcher; unclear if empirical fieldwork or qualitative methods involved"
Albertop_p,null,"academic in gender/queer studies but primarily literature/theory focus; no empirical research indicator"
alchemeos,false,"doctoral candidate in web3/psychoanalysis; insufficient academic affiliation clarity; not target population research"
AleDemogr,false,"demographer/data visualization; quantitative-primary field without human-subjects qualitative focus"
aleenachia,null,"lecturer in media studies/digital labor; potential qualitative research but bio lacks explicit methodology/empirical fieldwork indicators"
ALefstein,true,"linguistic ethnography explicitly mentioned; classroom interaction research fits qualitative methodology profile"
alekskaminska,null,"media/material culture scholar; likely qualitative but bio lacks explicit research methodology or human-subjects focus"
alenkeric,null,"gender studies student; insufficient info on whether conducting empirical qualitative research vs theoretical work"
AleseTobi,false,"epidemiologist; quantitative-primary field without qualitative methodology indicators"
aleszubajak,false,"data scientist/journalist; quantitative data visualization focus; not qualitative researcher"
alethia_reguera,null,"border criminology/gender studies at oxford law; likely qualitative but insufficient detail on research methods"
alevelmedia,false,"organization/educational resource site, not individual researcher"
Alex_Glade,false,"curriculum facilitator/educator; no research affiliation or qualitative research indicators"
alex_gunsberg,false,"finance phd/data scientist; quantitative-primary field without human-subjects qualitative research"
alex_lercher,false,"immunologist; biomedical/quantitative research; not qualitative human-subjects researcher"
Alex_Ruani,null,"doctoral researcher in diet-health misinformation; could involve qualitative analysis but methodology unclear"
alexander_borsa,true,"sexual health researcher, phd candidate, public health sociology/feminist sts; explicit qualitative indicators with sensitive population focus"
AlexandraLong,true,"clinical psychology phd; intimate relationships/lgbtq+ health research fits qualitative human-subjects profile"
AlexandraOanca,null,"critical urban studies/anthropology researcher at ku leuven; mentions anthropology but unclear methods"
Alexandre_Erler,false,"bioethicist/philosopher; theoretical work without empirical qualitative research or human-subjects component"
alexandrianaima,null,"gender studies phd; reading/language focus suggests literary/theoretical analysis but qualitative research intent unclear"
alexcho47,null,"assistant professor in asian american studies; race/gender/sexuality studies with social media focus but no clear methods"
alexdao,false,"ux researcher in tech; industry role without academic affiliation or human-subjects research focus"
Alexey_Raksha,false,"demographer/economist; quantitative statistics specialist; not qualitative researcher"
AlexisLBeatty,null,"clinical researcher/cardiologist; digital health implementation focus unclear if qualitative methods involved"
alexkyllo,false,"data scientist; quantitative field without human-subjects qualitative research"
alexleavitt,true,"trust & safety researcher, visiting fellow at research institute; social/behavioral research on digital platforms suggests qualitative methods"
AlexMWailan,false,"bioinformatician in pathogen surveillance; computational/quantitative field; not qualitative researcher"
AlexNowrasteh,false,"policy analyst/think tank vp; policy work without academic research"
AlexRichter3,false,"clinical immunologist, no research methodology or human-subjects study mention"
alexthomas2,false,"pediatrician/allergist, media co-founder; clinical focus, not qualitative research"
AlexYablon,false,"policy analyst, no academic affiliation or research methodology"
aleyna12_3,false,"data scientist at google; quantitative focus, no human-subjects research"
AleyshaProctor,false,"doctoral candidate, author; unclear field and research methodology"
Alfdoc2,false,"medical oncologist; clinical role, no qualitative research indicated"
AlfredLMartin,null,"media studies professor/editor; possible qualitative bent but unclear if empirical research"
AlfredoRiveraOG,false,"ethnomusicology doctoral candidate; disciplinary fit but no human-subjects research clarity"
Alfs_stores,false,"alternative medicine practitioner; not academic researcher"
ALHigherEd,false,"organization account, not individual"
AliBurhanMustfa,null,"psychiatry professor; could conduct qualitative research but no explicit methodology"
alice_goisis,null,"demographer/research director on family/child health; possibly qualitative but quantitative-leaning"
alicia_agnoli,null,"primary care/public health researcher; equity focus suggests qualitative but unclear"
alidea29,false,"policy analyst and activist; no academic research affiliation"
ALiEMFac,false,"program account, not individual researcher"
ALiEMteam,false,"organization account, not individual"
AliHMokdad,false,"epidemiologist; quantitative/survey methodology focus, not qualitative"
Alina__Boy,null,"medical humanities/cultural studies postdoc; possible qualitative fit but unclear"
AlinaVdav,false,"computational psychometrics; quantitative methodology, not qualitative"
alisongemmill,null,"demographer/epidemiologist; population health focus but quantitative-primary"
AlisonHearn,false,"media studies professor/activist; unclear research focus"
AlisonHNorris,null,"public health/reproductive health researcher; could include qualitative but unspecified"
alisonldoughty,false,"healthcare/biotech advisor; no qualitative research or human-subjects methodology"
AlisonMillerPhD,true,"developmental/public health researcher on child health, family interventions, poverty"
AlisonReiheld,null,"philosopher/bioethicist; theoretical focus, unclear if empirical research"
alisyedshiraz,false,"doctoral candidate; field/topic unclear, insufficient information"
alitamjoyce,false,"ux researcher at google; industry/design methodology, not academic qualitative"
AllAcademicBB,false,"sports/athletics organization, not individual researcher"
Allan_Michel,null,"education/curriculum studies phd candidate; possible qualitative but unspecified"
AllenStStephens,false,"political science/military history professor; no qualitative human-subjects research"
allergistmommy,false,"clinical allergist/immunologist; no research or qualitative methodology mentioned."
Allergygal1,false,"clinical allergist/immunologist; awareness/advocacy role without research component."
AllianceforHEP,false,"organization account, not individual researcher."
AllianceHPSR,false,"organization account (policy/systems research org, not individual)."
allison_horst,false,"data scientist/environmental education; quantitative methods, not qualitative researcher."
AllisonBarajas,null,"doctoral candidate in instructional design; research focus unclear"
AllisonHutchiso,null,"researches communication in engineering; could involve qualitative methods but insufficient detail."
allisonplyer,false,"chief demographer; applied demographics/data analysis, not qualitative human-subjects research."
allsetanalyst,false,"crypto/blockchain analyst; not academic researcher or qualitative researcher."
allyson_nadia,null,"cinema/media studies professor; could involve qualitative analysis but no explicit research methodology stated."
allysonschwartz,false,"former congresswoman/health policy leader; advocacy/policy, not academic qualitative researcher."
alm0stadam,false,"educator/pedagogical thinker; no indication of empirical qualitative research."
AlnabhaniZ,false,"mucosal immunologist; biomedical/bench researcher, not qualitative researcher."
AlNasirBellah,null,"physician and clinical researcher; unclear if qualitative human-subjects research or clinical/quantitative work; language barrier ofuscates"
alspray,null,"public health nutrition researcher; could involve qualitative methods but insufficient detail."
AluCard655687,false,"vague/non-academic profile; no clear researcher affiliation."
ALUhawaii,false,"organization/collective account for graduate student organizing, not individual qualitative researcher."
aly_gran,false,"literary scholar teaching; theoretical humanities, not empirical qualitative researcher."
AlyceNWilson,null,"public health physician/researcher focused on equity and social justice; could involve qualitative methods."
AlyceRaybould,false,"demographer with survey management focus; quantitative fertility/demographic research."
alyse_stuart,false,"union organizer with gender studies degree; advocacy/labor organizing, not academic qualitative researcher."
alyson_moon_,false,"author/actress; creative professional, not academic qualitative researcher."
AlyssaStalsberg,false,"english phd candidate in postcolonial literature; literary theory, not qualitative human-subjects research."
alystraussMD,null,"hepatologist/health systems engineer/clinical researcher; could involve qualitative health systems work but insufficient detail."
AmaBemma,false,"literary scholar; theoretical humanities research, not qualitative human-subjects research."
amaladanabdi,null,"public health researcher; likely involves human-subjects research but insufficient detail on methodology."
AmanChauhanMD,false,"oncologist with clinical trial focus; biomedical/clinical researcher, not qualitative researcher."
AmandaHensman,false,"conservation physiology doctoral candidate; stem research, not qualitative researcher."
amandajweed,null,"could involve qualitative methods but unclear; researcher and educator"
AmandaMyersMD,false,"urologic oncologist; clinical specialist, not qualitative researcher."
AmandaNizamMD,false,"clinical oncologist focused on patient care, no research methodology or human-subjects study mention"
AmAnthroJournal,false,"journal account, not an individual researcher"
amarendrasahu,false,"doctoral candidate in engineering/startup building, no qualitative research indication"
AmazingVirus,null,"primate behavior/ecology research but unclear if qualitative methods or human-subjects work"
AmbokoJH,false,"research fellow in tax studies, policy/business focus, not qualitative human-subjects research"
AmbreenS_poet,null,"gender studies phd with poetry research; unclear if conducting empirical qualitative research vs literary theory"
AmCollPress,false,"publisher/press organization, not individual researcher"
ameliaprobst,false,"data scientist, quantitative focus, no qualitative or human-subjects research"
Ameliarator,false,"librarian with gender/disability studies interests, no indication of conducting qualitative research"
AMEWSofficial,false,"organization account for scholarly association, not individual"
amian74,null,"clinical researcher and pediatric physician; clinical focus unclear if qualitative or human-subjects research"
AmidstScience,false,"data scientist with quantitative/statistical focus, no qualitative research indication"
Amina_Mwaikambo,null,"phd candidate psychologist focusing on mental health and human rights; qualitative-aligned population research but unclear methods"
AminNassarMD,false,"oncology fellow and physician, clinical translational focus, no qualitative research"
AminuGuga,false,"geographer/surveyor/humanitarian with vague bio, no qualitative research methodology"
AmitabhCPandey,false,"cardiologist with translational/clinical research, no qualitative or human-subjects methodology"
amitpalcsingh,false,"law doctoral candidate, legal philosophy focus, not qualitative human-subjects research"
AmitVohra_CEO,false,"entrepreneur and health policy commentator, no academic research affiliation"
AmjadPeshawar,null,"postcolonial studies affiliation; unclear if conducting empirical qualitative research vs theory"
AmJNurs,false,"journal account, not individual researcher"
amnadler,null,"media studies associate professor; unclear if conducting qualitative empirical research or theory/criticism"
AmNairobian,false,"vague bio with no research indication"
Amolpatel_dr,false,"medical oncologist, clinical focus, no qualitative research"
AmosKipronohC,false,"economist and development expert, quantitative/policy focus, not qualitative research"
amrcampop,false,"historical demographer, quantitative/computational methods focus, not qualitative research"
amurphykarabell,true,"special education phd student and researcher; qualitative-aligned education research on reading/special populations"
amy_carleton,false,"comparative media studies instructor, writer; no indication of conducting qualitative human-subjects research"
Amy_L_Haywood,null,"education researcher/former teacher; unclear if conducting qualitative research or policy analysis"
AmyClarke92,null,"historian researching gender/transgressive topics; unclear if conducting qualitative empirical work vs historical scholarship"
AmyHeger,null,"ux researcher with social psychology background; human-centered but unclear if academic qualitative research"
amyjvassallo,null,"public health researcher but bio lacks specific qualitative methodology or human-subjects research details"
amymaxmen,false,"science journalist/reporter, not conducting qualitative research"
amyrbrennan,false,"education administrator/teacher, no research affiliation or qualitative research mention"
anadelicado3,null,"sts researcher but unclear if conducting empirical human-subjects fieldwork vs theoretical work"
analysisoffleek,null,"media studies professor but no research focus mentioned"
anam_horvat,null,"media studies scholar studying lgbtq topics but methodology unclear - could be textual/theoretical"
anand_iimc,false,"tech/it certifications focus, no qualitative research or academic research affiliation evident"
AnaOnAPlanet,false,"exoplanet researcher - quantitative stem field, not qualitative social/human research"
anarchyinblack,false,"political/economic commentary, no academic research affiliation or qualitative research focus"
anasiangay,false,"vague bio about films/series; insufficient information to confirm qualitative research"
AnaVManana,false,"medical oncologist with clinical trial access focus; primarily clinical role, limited research evidence"
AndAlbanian,false,"organization/collection account, not individual researcher"
AndandeKelvin,false,"advertising/marketing agency account, not academic qualitative researcher"
AndPsychiatry,false,"organization account focused on psychiatry education, not individual researcher"
AndreaChello,false,"tech/data science professional, not qualitative researcher in academic setting"
andrealeepress,null,"media studies & sociology professor, scholar-activist with feminist framework - matches profile field but not clear if researcher"
AndreaShin_GI,null,"clinical researcher at ucla but focus on biomedical/microbiome - quantitative/clinical emphasis unclear"
andrepacher,false,"meta-science and diplomatic studies interest but vague bio; no mention of being a researcher"
andrew_chater,null,"arctic politics phd but methodology unclear; could be qualitative or quantitative international relations"
andrew02114,false,"medical oncologist - primarily clinical role focused on patient care and trials"
andrewbostom,false,"retired epidemiologist/clinical trialist with historical research"
andrewdlugg,false,"political science phd in ir/ipe but methodology (qualitative vs quantitative) not specified; no research mention"
AndrewPulford,null,"public health researcher on inequalities but no explicit qualitative methodology mentioned"
Andreza_Aruska,true,"political ethnography researcher studying inequality & local governance - explicit ethnographic methodology with human-centered focus"
andrikos,null,"interaction design/hci professor - could involve qualitative ux research but insufficient detail"
AndyFilak,false,"family medicine doctor, no research affiliation mentioned"
AndyKinley,false,"oncology clinical researcher but bio vague"
andyturner32,false,"education technology leader/doctoral candidate but no qualitative research focus evident"
anengteacher1,false,"secondary school teacher, not academic researcher"
Angela_SocSci,null,"global ethnography researcher; associate prof in sociology; unclear if qualitative methods used"
AngelaHattery,null,"professor women & gender studies, center director for gender-based violence prevention; but no research mention"
AngelaShares,false,"ux researcher at nordstrom (industry), not academic qualitative researcher"
AngelEsc182,true,"assistant professor sociology, ethnography on children/migration/violence - qualitative methodology explicit"
angieforero11,false,"doctoral candidate in literacy, but role unclear"
angryepimom,false,"former cdc specialist, no current research affiliation or human-subjects research focus"
aniel_pieniazek,null,"phd global education researcher, but methodology/human-subjects focus unclear from bio"
Animals__Matter,false,"self-described fake phd, animal ethics advocacy without research affiliation"
animegfz,false,"ml/ai bioinformatician - quantitative/computational, not qualitative human-subjects research"
AnitaRamesh12,false,"oncologist/clinical role, no qualitative research methodology mentioned"
AnjaMBJensen,true,"associate prof medical anthropology, organ donation ethnography research"
anjan_dhar6,false,"clinical researcher/gastroenterologist, clinical rather than qualitative research focus"
anjiwall,null,"surgeon with phd bioethics, clinical ethics focus - may include qualitative work but unclear"
ANLecturer,null,"associate lecturer anthropologist - qualitative field-based disciplin - no research mention"
AnnaEconomist,false,"bloomberg economist, quantitative economics focus - not qualitative human-subjects research"
AnnaForFlorida,false,"political representative, not academic researcher"
AnnaKFerl,null,"doctoral researcher in weapons/sts, may include qualitative but methodology unclear"
annaleeanda,false,"ux researcher at tech companies, not academic qualitative researcher"
AnnaResearcher,false,"vague bio, no research affiliation or methodology mentioned"
AnnaZajacova,null,"demographer sociologist, population-health scholar at university - social science research - unclear if researcher"
anneegibson,null,"account planner, research ethnography mentioned but commercial rather than academic context"
annefensie,false,"doctoral candidate, instructor, but research focus/methodology unclear from bio"
AnneMetteMller1,true,"associate professor, ethnography and qual/interpretive methodology explicitly stated"
anneploin,true,"phd candidate, ra at oxford, sociology/gender studies - qualitative social science"
AnneTiedemann1,null,"public health researcher university-based, but quantitative focus (physical activity rcts) likely"
Annettebernie,false,"sen tutor/lecturer/psychologist, educational support role not research-focused"
AnnFamMed,false,"journal account, not individual researcher"
annmariekiis,false,"ahrc doctoral candidate egypt/africa focus, insufficient detail on methodology"
AnonymClassic,false,"research project account on premodern literature, not individual qualitative researcher"
AnonymousDigs,false,"no research affiliation, vague identity - appears activist/political rather than academic"
anotherautisti1,false,"anthropology background but bio lacks research affiliation or specific qualitative research indicators"
AnotherNisha,false,"poet and artist; no academic research affiliation or qualitative research methodology"
AnshuOgra,null,"assistant professor in relevant field but bio emphasizes policy/governance without clear qualitative methods"
ansonwhitmer,null,"ceo of ai therapy company; they may require qualitative research for app validation"
AnthonyMJoshua,false,"clinical oncologist; no research methodology or human-subjects study indicators"
anthrolog,null,"evolutionary anthropologist but placeholder/inactive account with no research detail"
anthropo_blog,false,"organization account (two students); not individual researcher"
AnthroTok,null,"team conducting collaborative ethnographic research on tiktok; suggest some qualitative work"
antiquity_media,false,"official media studies account; organization not individual"
antonimo_romero,null,"media/communication studies with migration/human rights focus; unclear if conducting qualitative fieldwork"
antonio_cat_,false,"independent finance/tech researcher; no qualitative human-subjects research"
AntonioJosephAJ,false,"data scientist/ai engineer; not qualitative human-subjects researcher"
AntonIPetrov,false,"rna bioinformatician; computational/quantitative focus, not qualitative research"
ANU_GMCS,false,"department account; organization not individual"
anuragnrouble,null,"urban/platform studies researcher; likely qualitative but bio lacks explicit methodology"
anvoramd,false,"clinical cardiologist with biomedical research focus; not qualitative human-subjects research"
AnxiousPostdoc,false,"postdoc but bio vague; no field/methodology specified"
Anya_Agyer,null,"ba in literature with interest in migration/gender studies; unclear if conducting research"
AnyaFanya,true,"public health communication researcher with environmental health focus; qualitative indicators present"
anyagameer,false,"programmer/data scientist; no qualitative research affiliation"
AnyaWMa,true,"phd candidate education researcher; academic affiliation with research methodology focus"
ANZCA_FPM,false,"professional organization account; not individual"
AoifeIBurke,true,"phd student public health researcher; hiv stigma research suggests qualitative focus"
AParekh_UM,false,"policy officer/clinician; not conducting qualitative human-subjects research"
AparnaSreevatsa,false,"medical oncologist; clinical role without research methodology indicators"
APassaroMD,false,"medical oncologist; biomedical focus not qualitative research"
APCPostdoc,false,"postdoc association account; organization not individual"
aperrottatweets,null,"education professional; design/curriculum focus unclear if conducting qualitative research"
aphasiologist1,false,"aphasia researcher but limited bio; could be qualitative but insufficient detail"
APinchOfScience,false,"microbiologist/immunologist turned consultant; not qualitative human-subjects researcher"
apolloacadcomms,false,"freelance ghostwriter/academic communications, not a qualitative researcher"
ApolloSurveys,false,"organization account aggregating expert views, not individual researcher"
apolo_andrea,false,"medical oncologist, clinical role focused on patient care, no research methodology mentioned"
apowell01,false,"musical engineer/teacher, not a qualitative researcher"
AppAnthro,false,"organization/network account, not individual researcher"
AppliedPolicy,false,"policy consulting firm, not individual academic qualitative researcher"
AppStudiesASU,false,"center/organization account, not individual researcher"
apratimbh,false,"ml/computational researcher, quantitative focus without human-subjects component"
apribula,false,"data scientist, quantitative focus, no qualitative research indicators"
aprilwahlin,false,"author/screenwriter/actor, not an academic researcher"
APSCUFGR,false,"organization/government relations account, not individual researcher"
apsedp,false,"journal account (multiple tweet authors), not individual qualitative researcher"
AQorah,true,"peace/conflict specialist conducting research with adjunct academic role; qualitative methodology implied"
ara_anderson,false,"mathematical oncologist, quantitative computational focus, not qualitative researcher"
Arab_Oncologist,false,"medical informatics director, clinical focus, no qualitative research indicators - language barrier obfuscates"
arachno_joe,false,"arachnologist doctoral candidate, quantitative phylogenomics/taxonomy focus, not qualitative"
AradhiyaKhan4,false,"trans rights activist/media studies student, activism-focused without clear research affiliation"
Arash,false,"deputy mayor/publisher with law phd, policy/publishing focus, not empirical qualitative researcher"
ArastooFazeli,false,"data scientist/quant trader, quantitative focus without human-subjects research"
arathimy,false,"market researcher/engineer, no academic affiliation or qualitative methodology indicators"
ArchaeoAshleigh,false,"assistant research professor at Cambridge - unclear focus"
archsci2020,false,"eu training network/organization account, not individual researcher"
ArdiFindyartini,null,"medical education researcher - fieldwork matches but unclear methods"
areeba_kara,null,"im hospitalist clinical researcher, ambiguous research type and methods"
arevuo_m,false,"political economy phd, theoretical focus, no human-subjects qualitative research mentioned"
arghavan_salles,null,"dei researcher/consultant with academic affiliation - unclear methods"
arianneteherani,true,"education researcher/evaluator at ucsf, equity focus, evaluation methodology aligns with qualitative"
arieltypes,false,"survivor advocate/nonprofits professional, advocacy-focused without clear research affiliation"
arijitpinnacle,false,"radiation oncologist, clinical role, no research methodology mentioned"
ArinaGrossu,false,"bioethicist/podcast host, unclear if conducting research"
arji_barji,false,"clinical researcher at lshtm but primary role is infection registrar; unclear if qualitative focus"
arkansassy_kim,null,"phd communication; studies media/pop culture; unclear if active researcher"
ArkhamAsylumDoc,false,"media psychologist/behavioral science; podcast host; no research mention"
ArkHigherEd,false,"organization account, not individual researcher"
ArkoOlesk,null,"science communication researcher; could include qualitative but primary focus unclear"
Armin_Hoori,false,"art market/digital art curator; not conducting qualitative human-subjects research"
armin_np_,false,"crypto/web dev; not qualitative researcher or academic affiliation"
ArmsteadProject,false,"organization account, not individual researcher"
arnasaleks,true,"phd social sciences; ux researcher explicitly studying human experience; qualitative methods"
ArnettTom,null,"education researcher but focus appears quantitative/policy-oriented disruptive innovation"
arrant_annarchy,false,"doctoral candidate but bio too vague"
arsandbox,false,"technology/tool project, not individual qualitative researcher"
arshad83,false,"data scientist/ai specialist; quantitative focus, not qualitative researcher"
ArthurZalevsky,false,"bioinformatician; computational/quantitative, not qualitative human-subjects research"
articles_o,false,"data scientist; quantitative focus, vague bio, no clear research affiliation"
artieamber,null,"senior lecturer teacher education researcher; unclear if conducting research himself"
ArtioGrimm,false,"vtuber content creator; not conducting academic qualitative research"
arts_tmu,false,"organization account, not individual researcher"
ArtsUnimelb,false,"faculty organization account, not individual researcher"
ArtyArtHistory,false,"art historian; bio too vague"
ARU_Business,false,"organization account, not individual researcher"
Arun_Oncologist,false,"radiation oncologist; clinical role without research mention"
arvind_abraham,null,"law doctoral candidate; legal scholar but unclear if conducting qualitative empirical research"
ary_sexual,false,"profile not credible; adult content account"
AryaKarijo,true,"ux researcher with human-centered design focus; qualitative research methodology implied"
arzumuzun,null,"phd women & gender studies; academic literary/gender scholar; unclear if researcher"
ASAethnography,false,"professional caucus organization account, not individual"
asafkraus,null,"ceo/data scientist in health tech; they may require qualitative research for validation"
asante_lucy,false,"phd literary scholar; unclear info from bio"
ASCOLAcomp,false,"organization account, not individual researcher"
at_psychologist,null,"developmental psychologist with neurodivergence focus; awareness/education emphasis unclear if conducting qualitative research"
ATACCFaculty,false,"organization account (multidisciplinary faculty), not individual researcher"
ATantBrownPhD,null,"phd candidate in terrorism/security; qualitative methods not explicitly stated"
atata_atatatata,false,"medical oncologist focused on clinical care, not human-subjects qualitative research; language barrier obfuscates evaluation"
atavist_13,null,"phd student in digital media/indian politics; some potential but methods unclear"
atiabu,null,"education researcher/demographer; demographics suggest quantitative but 'education' could include qualitative work"
atlantlitwomen,false,"organization/cultural program account, not individual researcher"
ATMediaMag,false,"publication/media account, not individual qualitative researcher"
ATorkamani,false,"translational scientist/bioinformatician; quantitative genomics focus, no human-subjects qualitative component"
atwater_brett,false,"clinical director/physician in electrophysiology; clinical role without qualitative research indication"
AtypicalPsychol,null,"clinical psychologist with ptsd/telehealth focus; clinical practice vs research involvement unclear"
AUAcadSupport,false,"institutional support service account, not individual researcher"
aub_hes,false,"scholarship program account, not individual researcher"
aub_wgs,false,"academic program account, not individual researcher"
AubmcPsychiatry,false,"institutional psychiatry department account, not individual researcher"
aubombarely,false,"genobotanist/bioinformatician; plant domestication study uses quantitative molecular methods, not qualitative"
AubreyGabelCU,false,"french professor in literature/gender studies; role unclear"
AUBSOAM,false,"departmental account, not individual researcher"
AUCRGC,false,"institutional department account, not individual researcher"
Audrey2110,false,"doctoral candidate in strategic leadership, retired; insufficient research info"
AudreyDorelien,null,"demographer studying population/environment; epidemiology focus suggests quantitative methods but population focus mixed"
AurelieOlivesi,null,"media discourse analysis + gender studies; methods unclear"
AurelNz,false,"senior data scientist; quantitative focus without human-subjects qualitative research indication"
Auroraessayss,false,"essay/academic writing service business account, not individual researcher"
AusJPolSci,false,"journal account, not individual researcher"
AustinScholar,false,"education commentator/writer without academic affiliation or research indication; appears advocacy-focused"
aut_psych,false,"autistic psychologist with therapy background; clinical focus"
AuthorTCManning,false,"military veteran/fiction author; not academic researcher"
AuxaneBoch,null,"doctoral candidate in virtual reality, social robots, ai ethics; could involve qualitative but methods unclear"
SarahJTracy,true,"asu professor, explicitly states qualitative methods research focus, organizational communication"
DrDorothyESmith,true,"developer of institutional ethnography, foundational qualitative sociology methodology"
ECQHRN,false,"network/organization account, not individual researcher"
shehrbanozahra,null,"assistant prof, grounded theory, sociolinguistics, constructivist; unclear if researcher"
DrFeMurray,true,"assistant prof social work, child welfare, qualitative research on fatherhood"
YegorLazarev,null,"assistant prof political science, ethnography, law & society research; unclear if researcher"
Cardiff_ethnog,false,"research group/organization, not individual"
srujka,true,"phd candidate, collaborative ethnography on labor, ethnographic research methods"
cee_upenn,false,"research center/organization, not individual"
GrdtheoryScot,false,"network organization, not individual researcher"
CatherineTrund1,true,"medical anthropologist, collaborative ethnography, health & inequality research"
philbu,true,"sociocultural anthropologist, ethnography methodology explicit"
EthnographyEd,false,"journal organization account, not individual"
HannahLPitt,true,"public health qualitative researcher exploring commercial determinants of health"
ramnathshreya,null,"doctoral candidate social anthropology, identity & trauma research; unclear if conducting research"
ethnostudio,false,"research studio/organization account at usc, not individual"
Prarsha,null,"phd sociology, identity & trauma, discourse analysis; but unclear methods"
EthnographyLab,false,"university lab organization, not individual researcher"
AnjaMBJensen,true,"associate prof medical anthropology, organ donation ethnography research"
DrStachowiak,null,"associate prof curriculum studies, director gender center; research focus unclear"
ASAethnography,false,"professional caucus organization account, not individual"
jennortegren,null,"associate prof religion, ethnography, gender and class research; unclear if is conducting research"
michele_freed,null,"medical anthropology phd, pregnancy/birth/breastfeeding; suggest ethnographic but research unclear"
MaireadCavanag2,true,"phd studies, qualitative methods focus, policy and caregiver health research"
thiago_asobrab,true,"postdoc anthropologist, decolonial sts, political ecology research"
sensethnlab,false,"harvard research lab account, not individual researcher"
Oxford_E_E_conf,false,"conference organization account, not individual"
SnellJulia,true,"sociolinguist, linguistic ethnography, language identity education research; likely uses qualitative methods"
JyotiPuri_2,null,"critical sociology, sexuality/postcolonial studies, qualitative focus evident; unclear if leading research"
NIBjournal,false,"journal organization, not individual researcher"
EthnoForumGSE,false,"organization/forum account, not individual researcher"
Nisa00,null,"sts scholar, pi status suggests research but sts is theory-focused; unclear if empirical fieldwork"
LexPuliceFarrow,true,"gender & sexuality researcher, doctoral candidate; qualitative field with human-centered focus"
DesRochersJake,true,"phd candidate in sex education/gender/sexuality; education research typically qualitative"
Jen_Breck,true,"explicitly states 'grounded theory' and qualitative knowledge mobilisation; ahp research"
Caitlin_Procter,true,"anthropologist with book on inclusive ethnography; explicit ethnographic methodology"
Dra_Wallace,true,"health equity scholar at duke; public health researcher studying populations/disparities"
leclainchepiel,null,"sts/sociology on body materials; primarily theoretical/conceptual rather than empirical fieldwork"
PatchworkEthno,false,"project/collaborative account, not individual researcher"
VeraTensTXL,null,"grounded theory methodologist (charmaz); qualitative research focus explicit; unclear if conducting research"
rashmi_sings,null,"political ethnography researcher; assistant prof studying gender/politics qualitatively; unclear if workfield"
geofffhughes,null,"teacher ethnographer; lecturer in anthropology with explicit ethnographic methodology; unclear if researcher"
ShawntaeMitchum,true,"black sociologist, doctoral candidate; sociology with human-centered focus"
Angela_SocSci,null,"global ethnography researcher; associate prof in sociology; unclear if qualitative methods used"
Ethnography911,null,"medical anthropologist; associate prof conducting ethnographic research on health/culture; unclear if conducting research"
MancEthnography,false,"network/working group account, not individual researcher"
lynnsardinha,true,"feminist public health researcher on violence prevention; qualitative health research"
juliaehbrown,true,"anthropologist & bioethicist at ucsf; anthropology implies qualitative fieldwork"
DrHelenTracey,true,"explicitly states ethnography/sociology; researching lived experience qualitatively"
KNakray,true,"gender comparative sociologist; social policy/public health research on populations"
EstelaVasquezG,true,"medical sociologist; assistant prof in family medicine studying health/education qualitatively"
ManxomeMia,true,"critical medical humanities researcher; sts with embodied health experience focus"
DrLizAparicio,true,"associate prof @umd studying child abuse/youth sexual health; qualitative social work/public health"
EmmakJackson,true,"sociologist conducting ethnography on cities/belonging; explicit ethnographic methodology"
LAethnography,false,"seminar/forum account, not individual researcher"
prison_research,true,"senior research fellow studying prison populations; human-subjects research focus"
JenjiraYahirun,true,"sociologist studying families/migration/health; highly likely qualitative methods are used"
joecropp,true,"ethnographer of humanitarianism & conflict; explicit ethnographic research methodology"
hc_clancy,true,"doctoral candidate in social work; qualitative field with human-centered focus"
solveigsuess,null,"filmmaker/researcher; political ecology/sts but unclear if conducting empirical qualitative research"
teresaburke,null,"bioethicist and philosophy professor; theoretical focus unclear if conducting empirical qualitative research with human subjects"
NFBrenman,true,"social researcher in anthropology-sociology with sts background; studying remote care technologies in fieldwork setting"
DoctaValle,true,"sociology professor explicitly mentions ethnography; race/justice/urban studies with qualitative fieldwork focus"
TheoBeltranepi,true,"public health doctoral candidate studying health inequities; pharmacoepidemiology and trans health research typically involves qualitative human-subjects work"
LilyHindy,null,"history doctoral candidate studying kurdish movement; ambiguous if conducting interviews/ethnography vs archival/historical analysis"
idery38,true,"gender studies researcher interested in violence and masculinities in africa; suggests qualitative human-centered research"
BrunoV_Africa,null,"migration and gender researcher; insufficient detail on methodology or whether conducting empirical qualitative work"
hei_anni,false,"guest professor in discourse and corpus linguistics; text-based analysis rather than human-subjects qualitative research"
ChangeMary,true,"social worker and doctoral candidate; advocacy for teens and women suggests qualitative human-centered research with populations"
sandeepbak,null,"postcolonial queer studies academic; theoretical orientation but unclear if conducting empirical fieldwork/interviews"
DrIreneZempi,true,"criminology associate professor explicitly mentions ethnography; hate crime and intersectionality research requires qualitative human-subjects work"
HannahCEM,true,"public health lecturer studying health inequalities and lgbtq+ health; researcher role suggests qualitative human-subjects engagement"
RachelleVessey,false,"linguist focused on corpus/discourse analysis and media studies"
MinerSkye,true,"bioethicist and sociologist studying reproductive health and healthcare access; sociologist role with health equity suggests qualitative research"
IEN_UK_IRE,false,"institutional organization/network, not an individual researcher"
ChloeBirdPhD,true,"director of health equity center; sociologist studying health disparities at academic institution"
me_meier,true,"arts education professor explicitly mentions narrative inquiry; arts-based research requires participant engagement"
VWongsomboon,true,"assistant professor studying stigma, health, and sexuality; human-centered research on lived experience suggests qualitative methods"
kirby_benjamin,true,"assistant professor explicitly mentions ethnography and immersion study; religious politics and urban life research conducted in field setting"
RhondaBalzarini,true,"sexuality and relationship researcher; social psychologist studying human sexuality/relationships; human-subjects empirical research"
adiahafraz,true,"edd doctoral student; narrative inquiry methodology explicitly stated; loneliness/online learning research"
IDPCornell,false,"academic initiative/program, not an individual researcher"
JamesFor,true,"constructivist grounded theory researcher; explicitly names qualitative methodology for studying management/business"
_marycollier,true,"sociology assistant professor; aid and development research typically requires qualitative human-centered fieldwork"
ki_barnett,true,"research scientist studying health equity and racism; health disparities research typically involves qualitative community-engaged work"
jacasiegel,true,"clinical research specialist studying eating disorders, body image, and sexuality; human-subjects research requiring participant interviews/engagement"
DrBrianNSmith,true,"pi studying trauma and psychosocial factors"
JSchleiderPhD,true,"associate professor directing mental health lab; scalable interventions research with human subjects; qualitative development implied"
EricSchrimshaw,true,"public psychologist and researching aids on specific minorities; highly likely qualitative methods"
ProfAbigailYork,null,"says professor, vague bio, no research signals"
PolEthnography,false,"centre for political ethnography; university-based research institution; not an individual researcher"
DanielZBuchman,null,"bioethicist with academic affiliation; ethics may involve qualitative work but unclear"
jvandernaald,true,"sociology doctoral candidate - sociology is qualitative-heavy field with strong signals"
SaraAnnWylie,null,"associate professor sts co-founder publiclab; unclear if conducting qualitative research"
ve_journal,false,"visual ethnography journal, core qualitative/ethnographic research; not and individual researcher"
oxford_anthro,false,"oxford anthropology department; not an individual researcher"
EmilyMThomson,true,"phd researcher, supported self-management study suggests qualitative health research, mental health lecturer"
cm_ulrich,null,"nursing bioethics professor; nursing science with ethics focus; unclear if conducting research"
weilanch,true,"professor, early education researcher, policy focus, co-director of research center"
fe_researcher,true,"phd researcher in inclusive/participatory research design. clear qualitative methodology and community focus."
GTinAsia,false,"grounded theory network; no bio - insufficient signal"
m_waligora,true,"bioethicist professor with research ethics focus, harvard affiliation, strong qualitative signals"
ptindana,null,"global health bioethicist; unclear if active researcher"
michelelobo29,false,"geographer studying postcolonial studies; not enough signal of qualitative work"
UJEspinoza,null,"assistant professor anthropologist, bioethics research; unclear if qualitative methods"
UofT_FIFSW,false,"social work faculty; not an individual researcher"
javeedsukhera,null,"psychiatrist, physician, and social scientist. medical educator with humanistic/social science orientation. may employ some qualitative methods but unclear"
Wilkinson2S,null,"bioethicist pi with reproductive research focus; unclear if employs qualitative methods"
lisa_k_wright,true,"legal studies doctoral candidate studying harm reduction practices; qualitative policy/practice research focus; likely uses qualitative methods"
MarceMontanaro,true,"phd student in human rights, decolonial/postcolonial studies, feminist; qualitative legal/humanities research"
morgancarpenter,false,"bioethicist professor; human rights defender and interaction organization leadership suggest qualitative focus; account no longer active"
UANativeStudies,true,"indigenous studies with community engagement & teaching research focus; qualitative-heavy"
PCOS_Researcher,null,"phd in health economics, health policy research, clear academic credentials; unclear if qualitative work"
YNPierce,false,"professor, theologian, black church historian; not a researcher"
transcultpsych,false,"peer-reviewed scientific journal in cultural psychiatry; not an individual researcher"
ContinuumJMCS,false,"peer-reviewed journal in media & cultural studies; not an individual researcher"
MichiganCEAL,true,"community-based participatory research with underserved populations; not a personal account"
lawrencepatihis,null,"psychological scientist at uc irvine with memory research expertise; unclear if uses qualitative methods"
TheBusyOwl,null,"philosopher of science/mind/psychiatry with bioethics, qualitative research oriented; unclear if uses qualitative methods"
ResearcherKev,null,"social psychology phd studying race/ses biases. likely qualitative research on healthcare and policing but unclear"
ECRA_DiPH,false,"early career researcher academy with interdisciplinary research focus; not a personal account"
DrErinKeith,true,"education researcher focused on leadership and decolonization, qualitative education research likely"
ReettaSipp,false,"cultural historian doctoral candidate; no signal of qualitative work"
MNC_Psychiatry,false,"neuropsychiatry research centre, cutting-edge mental disorder research; not a personal account"
DrSocResearcher,null,"self-described sociologist; unclear if conducting research"
MetacogniShane,false,"postdoc at cornell, phd; confusing research focus; no qualitative work signal"
lsudol,true,"education researcher, systems thinker, advocate; qualitative orientation likely"
mandy_tru,true,"public health researcher/educator; health system equity & social justice focus. qualitative-aligned."
JasmineDGraves,null,"phd candidate, equity & impact strategist. public health but unclear if qualitative focus"
transaidenjames,null,"doctoral candidate in gender and transnational media; unclear qualitative signals"
TheJRAI,false,"journal of royal anthropological institute; not a personal account"
MattMotyl,false,"social/political psychologist, ux researcher; but more known as an athlete and professor"
Researcher_Kate,true,"researcher at qut specializing in medical uncertainty, explicit qualitative health research"
SapfoLignou,true,"bioethicist at oxford, child/global healthqualitative research likely"
Tucson_Cowgirl,null,"folklorist, ethnography, cultural studies; unclear qualitative methods"
CJ_researcher,true,"criminal justice researcher at university of birmingham. evaluator role suggests qualitative work with communities."
MariaCafeina,null,"sociologist & demographer at unam and flacso; phd in population studies; unclear if qualitative methods"
Becca_Hosey,true,"public health researcher in harm reduction; nursing and equity; likely uses qualitative methods"
CharlotteNisbe5,null,"doctoral researcher in philanthropy/civil society; qualitative methods likely but not explicit"
Grid_Iso,null,"dr., anthropologist, black feminist science studies. some qualitative signals but unclear"
BorsikaRabin,null,"implementation scientist with explicit community co-creation focus; unclear if qualitative methods"
noufalbehairi,null,"phd education, ma applied linguistics - clear education researcher; unclear if conducts qualitative research"
naacevedog,null,"lawyer bioethicist consultant with disability focus; unclear if qualitative research"
nuamhatzaw,false,"lecturer in asian christianity; no signals of qualitative research"
RobHelfenbein,null,"curriculum studies professor; high-signal qualitative research domain in education; unclear if conducts research"
kmcg2375,null,"university lecturer in curriculum studies, journal editor, social justice focus; unclear if conducts research"
DunneSiobhan,true,"head of teaching & research, explicitly ethnography #critlib; qualitative research leadership role"
haomingsongsoc,null,"assistant professor; sociologist and demographer; no signal of conducting research"
Chinmaya_Mishra,null,"postdoctoral researcher in social robotics/hri, interdisciplinary but mixed methods"
dieptl,true,"phd in hci studying social media relationships/self-presentation - academic qualitative researcher in ux/social science domain"
SqInchAnthro,true,"ethnography explicit, design strategy, fulbright fellow, researcher identity clear"
QuantPsychiatry,true,"md/phd psychiatrist researcher, stats/methods focus suggests quantitative orientation"
SOAS_CCLPS,false,"soas centre for cultural, literary and postcolonial studies; not a personal account"
josephinebeckr,null,"phd student, militant ethnography, prefigurative politics, qualitative focus; unclear if conducting research"
RachResearcher,true,"research fellow in psychosocial oncology with psychology background. good qualitative potential"
sarqari,false,"anthropologist at npr, journalist; no signals of conducting research"
nold_christian,null,"artist-designer and sts researcher; design research but less explicitly qualitative"
claugobel,null,"sts researcher with citizen science; qualitative engagement methodology; unclear if uses qualitative methods"
JScottPhD,null,"phd researcher at university specializing in populism studies; unclear if using qualitative methods"
kquinnjudge,true,"analyst with explicit ethnography of conflict focus; geopolitical research suggests qualitative interviewing and fieldwork methods"
BlackHerstorian,null,"history doctoral candidate studying black activism; history field uses qualitative/narrative inquiry; may use qualitative methods but unclear"
ckohtala,null,"sts researcher in design/sustainability; some qualitative methodology signals but unclear"
rosario_isasi,true,"lawyer-bioethicist, director of bioethics institute, qualitative methods likely"
PouyaSep,null,"sts researcher on technology-city; may use some qualitative methods but unclear"
DebatingEthno,false,"research group focused on ethnography; multidisciplinary qualitative inquiry; but not a personal account"
fcareyesa,true,"bioethicist phd researcher, medical ethics involves qualitative methodology and irb work"
StarraEducation,true,"doctoral researcher, mental health, education leadership. some qualitative potential but unclear if empirical research."
StevieGrassetti,true,"clinical psychologist researcher focused on underserved youth/families; qualitative research strong signal"
rrvanderbilt,true,"phd interpersonal communication, relationship research; highly likely qualitative methodology"
TheJoseVilson,true,"phd educator sociologist, policy focus, clear academic research background."
Madeleine_Pape,null,"ph.d. sociology with gender & feminist science studies focus; unclear if conducts research"
DrLawsonWelsh,null,"academic researcher in food studies, postcolonial literature; humanities-based; unclear if qualitative methodology"
